Shipment_ID,Shipment_Volume_m3,Distance_km,Transportation_Cost_USD,Delivery_Time_Hours
SHP_001,21.85,1062.33,1492.07,20.82
SHP_002,47.78,827.34,1271.63,22.85
SHP_003,37.94,498.82,905.39,17.01
SHP_004,31.94,1230.0,1763.18,27.24
SHP_005,12.02,1042.86,1436.73,20.17
SHP_006,12.02,285.79,551.69,9.66
SHP_007,7.61,1370.84,1820.61,26.16
SHP_008,43.98,1242.68,1831.77,24.68
SHP_009,32.05,1427.21,1969.75,26.28
SHP_010,36.86,1102.29,1532.33,30.63
SHP_011,5.93,939.45,1276.31,21.28
SHP_012,48.65,656.45,1140.32,15.38
SHP_013,42.46,1402.46,2007.47,27.35
SHP_014,14.56,1305.79,1682.27,26.16
SHP_015,13.18,115.57,255.94,8.99
SHP_016,13.25,88.23,319.54,7.89
SHP_017,18.69,595.87,906.72,21.98
SHP_018,28.61,1225.3,1744.1,25.26
SHP_019,24.44,1481.55,2001.32,43.76
SHP_020,18.11,268.1,513.59,14.8
SHP_021,32.53,911.49,1398.68,18.84
SHP_022,11.28,602.29,855.91,22.6
SHP_023,18.15,1456.38,1942.71,26.84
SHP_024,21.49,1271.07,1711.92,29.51
SHP_025,25.52,1265.58,1726.76,25.15
SHP_026,40.33,729.61,1163.28,22.59
SHP_027,13.99,651.49,961.71,21.11
SHP_028,28.14,446.44,754.89,16.61
SHP_029,31.66,131.74,472.9,11.49
SHP_030,7.09,1303.85,1659.81,25.33
SHP_031,32.34,1228.71,1727.74,23.2
SHP_032,12.67,1499.59,1943.09,28.88
SHP_033,7.93,1495.12,1998.9,27.67
SHP_034,47.7,855.38,1373.8,21.32
SHP_035,48.45,1165.03,1786.74,23.41
SHP_036,41.38,1419.91,1943.93,38.84
SHP_037,18.71,1281.99,1743.94,27.31
SHP_038,9.4,408.65,677.4,16.34
SHP_039,35.79,703.29,1126.6,15.32
SHP_040,24.81,237.28,556.72,14.58
SHP_041,10.49,1433.37,1849.23,35.01
SHP_042,27.28,928.95,1414.58,20.63
SHP_043,6.55,381.53,694.03,13.13
SHP_044,45.92,1023.97,1542.03,24.82
SHP_045,16.65,946.29,1298.72,19.23
SHP_046,34.81,569.34,1022.67,15.2
SHP_047,19.03,214.66,523.81,9.08
SHP_048,28.4,1023.78,1447.02,20.3
SHP_049,29.6,804.45,1194.44,17.98
SHP_050,13.32,1169.86,1557.75,22.24
SHP_051,48.63,804.24,1247.74,16.46
SHP_052,39.88,1285.66,1800.86,24.29
SHP_053,47.28,850.26,1311.52,28.63
SHP_054,45.27,863.36,1327.82,20.07
SHP_055,31.91,1321.15,1843.34,36.14
SHP_056,46.48,635.05,1105.02,15.75
SHP_057,8.98,244.32,507.87,9.07
SHP_058,13.82,91.73,234.25,7.88
SHP_059,7.04,1144.95,1553.41,23.64
SHP_060,19.64,949.45,1327.91,19.0
SHP_061,22.49,1070.92,1495.33,24.06
SHP_062,17.21,358.8,646.98,10.37
SHP_063,42.29,247.74,558.23,11.19
SHP_064,21.05,71.09,307.79,8.77
SHP_065,17.64,558.35,865.72,13.17
SHP_066,29.42,905.38,1355.72,18.15
SHP_067,11.34,618.75,912.23,18.83
SHP_068,41.1,684.34,1237.19,16.68
SHP_069,8.35,1361.03,1746.31,25.15
SHP_070,49.41,554.97,989.12,30.99
SHP_071,39.75,795.28,1225.06,16.44
SHP_072,13.94,1186.3,1568.27,26.41
SHP_073,5.25,624.99,847.54,28.02
SHP_074,41.7,952.03,1504.42,19.6
SHP_075,36.81,1300.43,1908.48,24.54
SHP_076,37.81,1426.8,1975.51,26.4
SHP_077,39.71,263.26,576.99,9.31
SHP_078,8.33,1393.55,1835.14,25.81
SHP_079,21.13,763.57,1097.09,19.87
SHP_080,10.21,424.45,688.9,10.76
SHP_081,43.84,715.75,1187.23,17.5
SHP_082,33.05,1471.05,1962.29,46.63
SHP_083,19.89,764.3,1186.25,21.64
SHP_084,7.86,526.69,852.14,15.45
SHP_085,18.99,968.43,1329.51,20.18
SHP_086,19.63,398.21,658.57,13.55
SHP_087,37.83,160.0,494.03,9.08
SHP_088,33.69,236.88,567.75,9.59
SHP_089,44.92,235.67,637.06,8.12
SHP_090,26.25,270.26,646.02,15.78
SHP_091,10.38,251.3,445.51,9.96
SHP_092,37.1,979.27,1424.68,19.82
SHP_093,39.24,313.73,610.58,10.43
SHP_094,30.26,551.22,879.86,14.35
SHP_095,39.69,1350.34,1917.39,30.93
SHP_096,27.22,737.24,1201.55,19.97
SHP_097,28.52,1017.96,1440.87,24.79
SHP_098,24.24,299.86,591.1,8.65
SHP_099,6.14,328.82,524.56,10.94
SHP_100,9.86,109.26,333.86,7.98
SHP_101,6.41,294.96,599.73,8.61
SHP_102,33.64,453.96,789.05,12.04
SHP_103,19.15,306.67,541.7,13.72
SHP_104,27.89,178.62,500.76,7.26
SHP_105,45.84,224.92,629.79,10.14
SHP_106,16.22,718.13,1125.95,15.9
SHP_107,23.47,349.18,662.63,9.41
SHP_108,39.0,578.19,972.66,13.86
SHP_109,15.3,779.96,1139.01,29.03
SHP_110,8.46,1051.07,1453.5,25.83
SHP_111,18.04,107.0,355.52,16.88
SHP_112,12.25,1209.15,1635.08,24.94
SHP_113,46.84,960.46,1534.73,19.18
SHP_114,41.37,168.55,561.71,9.37
SHP_115,33.5,1316.69,1909.74,26.38
SHP_116,44.22,1385.26,2012.59,31.82
SHP_117,41.17,138.56,464.58,6.49
SHP_118,13.4,451.47,715.35,13.29
SHP_119,45.17,1218.99,1842.91,23.32
SHP_120,29.27,1134.98,1571.56,22.84
SHP_121,41.33,317.56,704.33,13.56
SHP_122,45.32,353.56,733.19,11.7
SHP_123,19.31,587.18,902.47,14.68
SHP_124,9.95,752.56,1110.36,17.33
SHP_125,15.26,946.47,1320.65,20.71
SHP_126,24.22,584.92,925.1,18.38
SHP_127,41.81,720.68,1112.67,22.88
SHP_128,43.73,1133.83,1712.85,32.32
SHP_129,5.31,103.19,279.44,11.0
SHP_130,27.98,416.03,836.5,11.73
SHP_131,23.78,1084.36,1506.3,24.76
SHP_132,14.99,1348.05,1802.5,26.75
SHP_133,10.39,791.93,1113.51,17.21
SHP_134,20.19,821.56,1257.83,23.07
SHP_135,47.43,205.4,579.35,7.3
SHP_136,19.54,698.75,1048.77,22.87
SHP_137,28.35,822.3,1255.84,18.82
SHP_138,36.64,401.58,773.48,13.73
SHP_139,21.36,440.4,715.21,14.54
SHP_140,48.73,597.06,1068.86,21.08
SHP_141,48.31,79.1,484.79,8.76
SHP_142,16.33,517.01,755.88,15.29
SHP_143,27.38,356.6,670.78,9.73
SHP_144,18.54,524.87,791.04,14.63
SHP_145,17.82,223.66,511.25,8.01
SHP_146,6.66,1341.26,1674.27,29.32
SHP_147,32.43,910.71,1329.85,20.52
SHP_148,27.62,1034.7,1496.72,23.91
SHP_149,7.32,1194.3,1640.19,22.52
SHP_150,17.54,772.74,1112.03,16.2
SHP_151,45.87,176.03,515.62,11.12
SHP_152,15.78,828.8,1258.12,17.01
SHP_153,11.52,900.92,1173.54,18.12
SHP_154,27.03,1130.89,1493.25,21.44
SHP_155,49.35,675.91,1177.66,25.37
SHP_156,15.89,234.99,438.86,12.3
SHP_157,35.25,461.48,784.05,12.62
SHP_158,39.27,576.47,1020.0,14.1
SHP_159,15.69,986.58,1373.34,20.68
SHP_160,37.77,877.63,1316.62,22.72
SHP_161,21.55,566.34,829.75,16.5
SHP_162,33.45,1480.45,2083.07,27.49
SHP_163,33.51,928.37,1410.85,18.95
SHP_164,29.11,393.98,713.86,10.42
SHP_165,9.06,197.58,465.52,10.82
SHP_166,42.59,271.65,590.76,13.24
SHP_167,19.44,406.64,616.49,11.33
SHP_168,13.39,282.99,475.42,8.43
SHP_169,6.83,320.52,516.75,9.23
SHP_170,31.59,463.39,824.97,23.16
SHP_171,35.49,301.39,628.27,9.86
SHP_172,5.75,1350.31,1764.95,29.91
SHP_173,28.04,166.34,383.51,9.99
SHP_174,15.19,810.54,1213.58,18.15
SHP_175,34.03,645.08,1040.56,14.73
SHP_176,12.85,1474.45,1983.85,27.14
SHP_177,36.09,212.46,550.83,10.61
SHP_178,22.4,626.89,984.84,18.86
SHP_179,47.15,1455.73,2108.28,30.01
SHP_180,11.19,1304.99,1742.07,26.72
SHP_181,20.35,1234.75,1712.37,23.15
SHP_182,10.11,423.96,719.09,22.62
SHP_183,46.61,297.79,699.24,14.19
SHP_184,44.48,1019.53,1577.75,20.9
SHP_185,16.61,1397.6,1856.11,39.19
SHP_186,34.7,857.31,1367.07,20.41
SHP_187,41.77,878.84,1333.04,20.58
SHP_188,29.98,455.97,878.13,15.84
SHP_189,28.83,1165.76,1641.28,27.78
SHP_190,15.88,321.21,500.49,12.68
SHP_191,9.19,519.33,774.91,12.47
SHP_192,45.37,666.88,1096.49,15.7
SHP_193,45.52,786.04,1308.67,25.31
SHP_194,33.49,401.49,719.87,11.07
SHP_195,20.26,216.51,441.02,8.96
SHP_196,20.71,935.4,1241.02,20.37
SHP_197,37.67,468.51,830.2,13.23
SHP_198,45.37,892.8,1289.13,21.06
SHP_199,44.92,273.83,581.91,18.24
SHP_200,40.09,747.65,1231.87,16.47
SHP_201,33.89,822.25,1291.52,17.1
SHP_202,8.79,125.14,313.25,6.7
SHP_203,12.27,538.08,763.54,19.91
SHP_204,45.43,244.9,618.91,11.4
SHP_205,32.29,141.89,431.56,7.36
SHP_206,5.41,1485.44,1857.47,32.78
SHP_207,9.57,517.41,836.38,18.88
SHP_208,34.86,1224.32,1782.95,29.4
SHP_209,5.23,419.23,619.27,19.24
SHP_210,12.24,1038.18,1408.21,20.99
SHP_211,29.69,1152.33,1640.64,26.65
SHP_212,36.14,913.68,1285.21,20.22
SHP_213,34.34,733.79,1141.11,21.75
SHP_214,15.09,647.17,921.37,18.52
SHP_215,37.05,555.86,907.2,17.8
SHP_216,15.68,1397.82,1843.11,29.24
SHP_217,19.64,1254.4,1784.39,23.98
SHP_218,38.59,1449.29,2060.95,29.05
SHP_219,34.23,230.23,521.74,22.16
SHP_220,43.22,1109.76,1673.55,30.77
SHP_221,34.59,1410.59,2028.65,25.86
SHP_222,30.57,312.79,669.82,9.44
SHP_223,9.22,146.42,324.46,6.75
SHP_224,21.55,1124.62,1528.17,25.83
SHP_225,16.93,882.99,1275.67,23.54
SHP_226,15.98,1270.65,1722.39,24.39
SHP_227,48.79,252.67,687.42,10.35
SHP_228,22.69,1203.14,1685.79,28.94
SHP_229,45.14,342.36,783.77,13.89
SHP_230,33.4,287.3,587.68,11.15
SHP_231,40.77,288.19,708.94,11.56
SHP_232,27.62,1231.13,1724.35,25.43
SHP_233,30.96,1014.54,1565.63,20.84
SHP_234,27.16,808.44,1174.94,19.35
SHP_235,13.79,570.3,931.41,16.86
SHP_236,37.51,1321.94,1882.79,31.57
SHP_237,17.63,619.05,901.71,17.06
SHP_238,6.09,1234.07,1589.58,28.0
SHP_239,34.05,686.75,1079.91,15.18
SHP_240,12.97,596.57,899.82,15.34
SHP_241,47.32,720.89,1225.19,15.12
SHP_242,47.93,487.0,898.21,12.48
SHP_243,46.17,1134.03,1690.59,25.98
SHP_244,21.66,778.94,1239.42,32.8
SHP_245,5.7,386.71,670.27,10.31
SHP_246,46.77,1354.38,1978.77,26.63
SHP_247,24.27,606.64,951.02,18.97
SHP_248,48.5,838.15,1353.68,17.69
SHP_249,48.36,1364.38,2006.68,27.83
SHP_250,43.39,955.15,1417.08,23.32
SHP_251,18.25,219.5,443.07,10.73
SHP_252,22.33,1412.76,1831.87,26.46
SHP_253,43.3,960.18,1486.68,20.31
SHP_254,19.26,535.61,868.17,17.6
SHP_255,12.63,251.94,443.73,10.7
SHP_256,30.06,1201.34,1762.71,22.5
SHP_257,47.13,949.11,1419.4,23.61
SHP_258,36.32,823.52,1203.93,16.8
SHP_259,30.65,1346.14,1878.74,29.5
SHP_260,9.37,1193.47,1626.14,23.15
SHP_261,32.68,269.93,663.07,19.25
SHP_262,49.55,502.0,929.51,13.33
SHP_263,11.3,410.31,697.43,11.7
SHP_264,28.32,1128.72,1594.36,21.93
SHP_265,44.48,98.62,432.99,6.79
SHP_266,38.33,876.34,1383.05,24.81
SHP_267,36.37,1155.57,1697.86,41.41
SHP_268,36.61,1321.31,1797.69,25.94
SHP_269,21.18,546.02,927.55,14.48
SHP_270,18.21,1240.82,1742.15,27.57
SHP_271,41.42,210.42,531.46,14.84
SHP_272,41.46,1277.36,1857.91,26.8
SHP_273,44.02,234.86,624.15,9.35
SHP_274,46.1,626.07,1093.49,15.49
SHP_275,28.01,1206.08,1662.58,26.72
SHP_276,27.57,267.38,528.47,8.12
SHP_277,40.92,382.41,762.36,13.27
SHP_278,34.25,1097.27,1640.73,22.42
SHP_279,36.59,1094.05,1620.27,26.36
SHP_280,40.81,979.66,1462.97,19.41
SHP_281,45.05,1056.23,1627.45,23.35
SHP_282,20.21,836.95,1077.21,19.17
SHP_283,21.9,415.11,759.33,13.98
SHP_284,9.23,551.26,729.37,12.72
SHP_285,31.02,313.32,614.78,11.86
SHP_286,6.62,1367.25,1723.41,27.92
SHP_287,25.95,895.92,1246.6,20.66
SHP_288,29.42,631.23,1056.81,16.95
SHP_289,17.89,719.91,1032.32,19.03
SHP_290,31.59,1423.56,1981.8,31.62
SHP_291,6.37,272.36,456.58,9.29
SHP_292,6.68,900.03,1234.91,23.95
SHP_293,42.02,783.54,1253.79,18.47
SHP_294,21.21,936.61,1272.24,18.69
SHP_295,10.72,76.26,289.93,5.38
SHP_296,28.5,1314.58,1797.78,25.65
SHP_297,39.65,1401.57,1910.09,30.94
SHP_298,14.71,869.44,1197.63,21.68
SHP_299,33.03,1060.14,1604.86,25.75
SHP_300,8.84,1387.62,1847.61,27.9
SHP_301,7.33,1075.5,1411.53,22.58
SHP_302,28.91,271.18,554.26,8.73
SHP_303,29.33,885.62,1294.91,19.02
SHP_304,33.68,929.74,1477.56,20.3
SHP_305,37.67,664.99,1103.55,14.56
SHP_306,48.91,1117.84,1705.33,22.07
SHP_307,28.23,1404.83,1973.33,28.8
SHP_308,19.53,1392.07,1878.9,30.07
SHP_309,40.78,703.72,1136.72,37.25
SHP_310,17.19,214.2,434.14,16.76
SHP_311,24.75,1478.02,1994.17,30.34
SHP_312,8.53,1266.4,1660.66,25.4
SHP_313,6.14,230.76,440.36,11.09
SHP_314,48.32,1385.22,2006.2,30.7
SHP_315,42.62,1311.35,1919.68,24.62
SHP_316,36.32,802.32,1240.74,18.19
SHP_317,23.4,907.35,1309.37,24.37
SHP_318,12.8,628.55,828.34,15.36
SHP_319,12.04,129.4,356.72,8.96
SHP_320,16.26,536.04,840.14,15.35
SHP_321,29.72,1214.14,1750.45,23.39
SHP_322,37.16,56.72,223.51,6.45
SHP_323,34.71,533.57,1007.81,13.63
SHP_324,17.6,627.34,934.52,13.74
SHP_325,47.97,829.22,1384.78,16.84
SHP_326,38.21,1383.79,1904.78,31.53
SHP_327,29.95,552.2,939.95,13.61
SHP_328,32.53,553.08,878.93,15.06
SHP_329,23.88,1119.38,1534.59,22.46
SHP_330,16.15,705.72,1113.73,24.74
SHP_331,21.02,375.68,647.33,10.83
SHP_332,39.1,706.04,1152.54,16.83
SHP_333,5.65,254.24,472.48,15.13
SHP_334,10.22,305.76,540.34,15.16
SHP_335,7.07,772.63,1069.28,16.61
SHP_336,6.83,657.44,939.52,19.79
SHP_337,43.5,1376.53,2077.46,27.32
SHP_338,36.66,575.47,971.3,15.16
SHP_339,26.34,891.85,1310.96,18.22
SHP_340,9.4,966.78,1354.43,19.17
SHP_341,27.12,68.99,368.15,9.62
SHP_342,26.31,1012.13,1499.5,21.97
SHP_343,12.79,308.15,562.5,10.75
SHP_344,24.52,1443.55,1903.44,30.78
SHP_345,22.93,265.56,606.84,13.16
SHP_346,32.71,651.2,993.43,14.62
SHP_347,33.58,173.76,490.02,9.97
SHP_348,7.04,1495.47,1895.81,27.52
SHP_349,21.86,778.18,1140.22,20.84
SHP_350,33.16,913.31,1376.58,21.8
SHP_351,27.64,147.26,429.38,17.25
SHP_352,43.54,1137.44,1701.63,21.75
SHP_353,34.64,354.36,771.06,9.66
SHP_354,12.33,1352.18,1804.68,25.96
SHP_355,8.18,347.45,546.83,10.41
SHP_356,33.91,326.5,704.72,10.02
SHP_357,6.19,103.0,308.09,13.87
SHP_358,31.36,734.5,1082.95,16.3
SHP_359,47.31,869.02,1406.26,18.48
SHP_360,30.9,145.28,460.37,11.22
SHP_361,22.47,1174.52,1608.37,24.16
SHP_362,33.95,707.27,1180.37,20.13
SHP_363,25.62,810.37,1193.79,16.7
SHP_364,29.55,689.11,1080.34,16.94
SHP_365,47.37,631.11,1086.37,13.83
SHP_366,22.37,861.48,1246.35,17.48
SHP_367,48.25,275.1,622.05,16.52
SHP_368,45.74,313.8,640.46,9.35
SHP_369,13.81,1299.59,1800.31,26.65
SHP_370,8.12,1421.87,1808.73,27.73
SHP_371,9.54,591.3,812.62,14.59
SHP_372,5.82,442.58,563.29,18.86
SHP_373,9.25,983.8,1298.06,19.21
SHP_374,35.74,642.66,990.33,17.7
SHP_375,8.2,86.81,319.08,16.91
SHP_376,19.35,276.42,573.92,11.13
SHP_377,43.02,1088.16,1589.92,30.41
SHP_378,6.05,1005.44,1438.12,19.66
SHP_379,41.65,89.29,459.58,7.27
SHP_380,17.68,371.86,620.03,10.78
SHP_381,10.32,385.06,501.18,14.52
SHP_382,36.35,1024.24,1613.95,33.68
SHP_383,33.3,78.58,298.28,6.25
SHP_384,44.49,200.96,489.54,10.81
SHP_385,38.08,1209.88,1788.26,23.39
SHP_386,41.16,308.89,786.24,11.67
SHP_387,17.69,996.48,1446.53,21.51
SHP_388,12.98,395.37,664.74,22.6
SHP_389,38.78,194.19,553.68,10.27
SHP_390,41.31,402.6,828.06,11.7
SHP_391,49.57,1097.29,1698.76,21.31
SHP_392,23.57,1290.76,1779.4,24.43
SHP_393,21.74,1253.82,1717.98,24.18
SHP_394,39.94,625.92,1047.98,14.64
SHP_395,20.34,1018.72,1390.22,26.33
SHP_396,46.88,347.23,738.46,12.23
SHP_397,43.63,475.06,812.04,13.9
SHP_398,24.3,1349.69,1836.72,25.19
SHP_399,38.79,68.85,332.08,11.94
SHP_400,38.95,173.99,453.9,11.17
SHP_401,9.64,351.44,578.02,9.65
SHP_402,45.61,88.47,496.88,9.67
SHP_403,27.74,313.08,655.7,11.56
SHP_404,42.19,895.41,1314.77,18.07
SHP_405,19.4,661.07,945.76,16.32
SHP_406,45.3,1344.37,1982.08,27.0
SHP_407,22.51,1235.29,1650.71,23.64
SHP_408,5.49,545.64,772.09,22.59
SHP_409,45.74,426.16,864.86,17.2
SHP_410,9.11,600.55,822.63,17.11
SHP_411,19.37,905.93,1288.7,20.11
SHP_412,47.75,438.69,805.16,12.61
SHP_413,47.78,955.02,1457.84,22.38
SHP_414,30.8,643.65,1040.79,16.66
SHP_415,33.43,850.47,1216.04,17.31
SHP_416,25.18,682.38,1064.58,17.01
SHP_417,18.19,476.98,762.46,17.09
SHP_418,19.79,1425.26,1934.12,28.08
SHP_419,35.26,1157.23,1675.07,21.99
SHP_420,38.86,253.16,659.47,13.3
SHP_421,40.62,1309.28,1879.87,24.93
SHP_422,40.53,756.78,1191.47,16.69
SHP_423,9.1,1347.1,1767.55,25.35
SHP_424,27.25,1209.79,1712.44,24.01
SHP_425,7.59,666.56,940.02,19.2
SHP_426,29.73,82.58,349.57,7.83
SHP_427,24.87,439.58,720.25,11.57
SHP_428,44.95,835.37,1297.35,24.21
SHP_429,20.79,968.54,1303.09,26.31
SHP_430,10.27,423.94,738.8,17.68
SHP_431,11.43,252.07,403.68,8.83
SHP_432,39.27,1260.65,1777.94,25.49
SHP_433,32.82,1477.38,2004.63,41.43
SHP_434,9.55,812.25,1162.73,21.67
SHP_435,8.78,298.93,489.37,8.7
SHP_436,36.54,444.85,872.68,11.08
SHP_437,8.27,76.67,203.06,7.36
SHP_438,41.98,1375.73,1973.35,33.56
SHP_439,36.78,220.74,511.2,10.1
SHP_440,8.66,885.95,1302.97,20.04
SHP_441,8.82,447.38,627.5,11.27
SHP_442,49.4,853.56,1385.21,20.87
SHP_443,21.84,994.56,1431.2,25.34
SHP_444,21.68,1253.13,1730.77,24.95
SHP_445,41.58,349.31,718.71,14.6
SHP_446,47.63,65.94,411.42,16.7
SHP_447,49.37,248.48,647.0,8.62
SHP_448,38.9,1355.03,1913.93,27.44
SHP_449,21.93,1317.14,1833.6,25.45
SHP_450,8.76,916.25,1342.76,23.61
SHP_451,39.97,920.75,1379.67,21.18
SHP_452,30.13,1014.3,1406.16,23.13
SHP_453,24.09,304.29,581.62,14.28
SHP_454,45.79,1375.9,2096.09,26.93
SHP_455,10.0,657.22,902.51,22.74
SHP_456,27.17,605.55,1036.26,15.98
SHP_457,5.51,802.43,1165.97,16.95
SHP_458,26.09,118.1,347.26,9.98
SHP_459,7.53,291.11,512.61,14.0
SHP_460,10.35,1120.15,1569.19,22.57
SHP_461,10.29,170.06,338.45,13.43
SHP_462,34.21,924.57,1371.4,26.51
SHP_463,38.57,405.76,753.59,11.38
SHP_464,31.25,614.48,947.97,27.82
SHP_465,48.3,468.61,874.6,11.74
SHP_466,21.87,565.73,833.14,13.49
SHP_467,17.86,1092.62,1501.96,21.52
SHP_468,44.09,480.83,862.78,19.25
SHP_469,15.06,871.29,1231.37,21.12
SHP_470,48.35,740.27,1160.04,15.97
SHP_471,5.55,1012.32,1357.41,21.61
SHP_472,48.64,1408.4,2070.82,29.01
SHP_473,6.94,1112.23,1379.67,21.42
SHP_474,45.1,361.66,776.34,17.06
SHP_475,28.75,95.22,413.24,11.16
SHP_476,49.68,430.28,810.32,13.08
SHP_477,8.32,912.86,1312.31,30.0
SHP_478,29.92,124.57,417.95,7.81
SHP_479,48.62,769.73,1235.04,30.34
SHP_480,28.54,915.42,1338.69,21.94
SHP_481,33.32,534.65,933.32,15.75
SHP_482,36.31,1167.82,1686.35,22.6
SHP_483,25.45,204.57,497.0,14.62
SHP_484,33.24,158.95,415.51,8.4
SHP_485,31.29,1105.87,1591.14,21.63
SHP_486,45.55,768.46,1186.3,15.87
SHP_487,7.05,1048.18,1388.04,23.0
SHP_488,17.64,680.5,964.14,17.09
SHP_489,47.77,407.28,794.48,14.71
SHP_490,45.06,1237.7,1866.17,30.78
SHP_491,25.5,1209.15,1727.62,22.89
SHP_492,32.91,1057.31,1560.71,24.87
SHP_493,17.48,444.61,671.79,11.57
SHP_494,13.47,905.83,1240.09,24.77
SHP_495,25.87,573.41,972.02,18.81
SHP_496,20.9,182.79,430.23,9.54
SHP_497,31.26,1380.1,2016.82,29.57
SHP_498,8.5,248.39,458.25,9.14
SHP_499,48.85,1427.84,2066.29,28.2
SHP_500,49.38,696.71,1169.04,20.75
